{"loss": [0.9896585624829858, 0.729122355975936, 0.5143489043797012, 0.3752921223640442, 0.30006991049884696, 0.17802579058086979, 0.1326170574741817, 0.11346593387095275, 0.10598106500981129, 0.0921393406074659, 0.08617529022482644, 0.08348406843049863, 0.08326785483982711, 0.07559849633381957, 0.07764008141790343, 0.075571416803034, 0.07103748283291285, 0.0670021815901309, 0.06473615959253723, 0.07378950134018618, 0.07482817447620684, 0.07049761592220943, 0.06930196870415084, 0.07282121724292503, 0.07107347812075003, 0.07397136208395251, 0.06665985329093131, 0.07239417669948488, 0.07455842536503235, 0.07591632214597369, 0.0688612137105217, 0.07174136998148355, 0.06726492075167134, 0.06981528886651571, 0.07402123505892479, 0.07159265010428112, 0.06907456729198451, 0.07109376550775713, 0.06996799057629784, 0.06856549816387417, 0.07052337757385937, 0.06924692516635476, 0.06996583088045627, 0.07425303227243434, 0.07304793429783488, 0.06720080139296772, 0.07094793268932706, 0.07039763593831949, 0.069940472417305, 0.07153543523323219, 0.07383442295929499, 0.0749581290524354, 0.0728404475293592, 0.06524178403866503, 0.07585138522616003, 0.07073646464047179, 0.07502209151213148, 0.06607625867545078, 0.06801755226884795, 0.07386292512240135], "train_accuracy": [0.628000020980835, 0.8379999995231628, 0.9440000057220459, 0.9399999976158142, 0.9359999895095825, 0.9879999756813049, 0.9829999804496765, 0.9869999885559082, 0.984000027179718, 0.9919999837875366, 0.9929999709129333, 0.9909999966621399, 0.9909999966621399, 0.9890000224113464, 0.9879999756813049, 0.9950000047683716, 0.9869999885559082, 0.9909999966621399, 0.9869999885559082, 0.9869999885559082, 0.9929999709129333, 0.9909999966621399, 0.9869999885559082, 0.9900000095367432, 0.9929999709129333, 0.9929999709129333, 0.9860000014305115, 0.9890000224113464, 0.9909999966621399, 0.9909999966621399, 0.9850000143051147, 0.9919999837875366, 0.9890000224113464, 0.9860000014305115, 0.9879999756813049, 0.9900000095367432, 0.9940000176429749, 0.9929999709129333, 0.9929999709129333, 0.9940000176429749, 0.9940000176429749, 0.9860000014305115, 0.9940000176429749, 0.9869999885559082, 0.9959999918937683, 0.9869999885559082, 0.9860000014305115, 0.9950000047683716, 0.9929999709129333, 0.9869999885559082, 0.9940000176429749, 0.9950000047683716, 0.9929999709129333, 0.9900000095367432, 0.9900000095367432, 0.9869999885559082, 0.9900000095367432, 0.9879999756813049, 0.9890000224113464, 0.9950000047683716], "train_precision": [0.628000020980835, 0.8379999995231628, 0.9440000057220459, 0.9399999976158142, 0.9359999895095825, 0.9879999756813049, 0.9829999804496765, 0.9869999885559082, 0.984000027179718, 0.9919999837875366, 0.9929999709129333, 0.9909999966621399, 0.9909999966621399, 0.9890000224113464, 0.9879999756813049, 0.9950000047683716, 0.9869999885559082, 0.9909999966621399, 0.9869999885559082, 0.9869999885559082, 0.9929999709129333, 0.9909999966621399, 0.9869999885559082, 0.9900000095367432, 0.9929999709129333, 0.9929999709129333, 0.9860000014305115, 0.9890000224113464, 0.9909999966621399, 0.9909999966621399, 0.9850000143051147, 0.9919999837875366, 0.9890000224113464, 0.9860000014305115, 0.9879999756813049, 0.9900000095367432, 0.9940000176429749, 0.9929999709129333, 0.9929999709129333, 0.9940000176429749, 0.9940000176429749, 0.9860000014305115, 0.9940000176429749, 0.9869999885559082, 0.9959999918937683, 0.9869999885559082, 0.9860000014305115, 0.9950000047683716, 0.9929999709129333, 0.9869999885559082, 0.9940000176429749, 0.9950000047683716, 0.9929999709129333, 0.9900000095367432, 0.9900000095367432, 0.9869999885559082, 0.9900000095367432, 0.9879999756813049, 0.9890000224113464, 0.9950000047683716], "train_recall": [0.628000020980835, 0.8379999995231628, 0.9440000057220459, 0.9399999976158142, 0.9359999895095825, 0.9879999756813049, 0.9829999804496765, 0.9869999885559082, 0.984000027179718, 0.9919999837875366, 0.9929999709129333, 0.9909999966621399, 0.9909999966621399, 0.9890000224113464, 0.9879999756813049, 0.9950000047683716, 0.9869999885559082, 0.9909999966621399, 0.9869999885559082, 0.9869999885559082, 0.9929999709129333, 0.9909999966621399, 0.9869999885559082, 0.9900000095367432, 0.9929999709129333, 0.9929999709129333, 0.9860000014305115, 0.9890000224113464, 0.9909999966621399, 0.9909999966621399, 0.9850000143051147, 0.9919999837875366, 0.9890000224113464, 0.9860000014305115, 0.9879999756813049, 0.9900000095367432, 0.9940000176429749, 0.9929999709129333, 0.9929999709129333, 0.9940000176429749, 0.9940000176429749, 0.9860000014305115, 0.9940000176429749, 0.9869999885559082, 0.9959999918937683, 0.9869999885559082, 0.9860000014305115, 0.9950000047683716, 0.9929999709129333, 0.9869999885559082, 0.9940000176429749, 0.9950000047683716, 0.9929999709129333, 0.9900000095367432, 0.9900000095367432, 0.9869999885559082, 0.9900000095367432, 0.9879999756813049, 0.9890000224113464, 0.9950000047683716], "val_accuracy": [0.6336633563041687, 0.7920792102813721, 0.8985148668289185, 0.8811880946159363, 0.905940592288971, 0.9430692791938782, 0.9430692791938782, 0.9430692791938782, 0.9356435537338257, 0.9430692791938782, 0.9430692791938782, 0.9455445408821106, 0.9430692791938782, 0.9430692791938782, 0.9455445408821106, 0.9455445408821106, 0.9455445408821106, 0.948019802570343, 0.9455445408821106, 0.9430692791938782, 0.9455445408821106, 0.948019802570343, 0.9430692791938782, 0.948019802570343, 0.948019802570343, 0.9455445408821106, 0.9430692791938782, 0.9455445408821106, 0.9455445408821106, 0.948019802570343, 0.9430692791938782, 0.948019802570343, 0.9455445408821106, 0.9455445408821106, 0.9430692791938782, 0.9455445408821106, 0.9430692791938782, 0.948019802570343, 0.948019802570343, 0.9455445408821106, 0.948019802570343, 0.948019802570343, 0.9455445408821106, 0.948019802570343, 0.9430692791938782, 0.948019802570343, 0.9455445408821106, 0.948019802570343, 0.9455445408821106, 0.948019802570343, 0.948019802570343, 0.948019802570343, 0.9455445408821106, 0.948019802570343, 0.9455445408821106, 0.948019802570343, 0.9455445408821106, 0.948019802570343, 0.9455445408821106, 0.9455445408821106], "val_precision": [0.6336633563041687, 0.7920792102813721, 0.8985148668289185, 0.8811880946159363, 0.905940592288971, 0.9430692791938782, 0.9430692791938782, 0.9430692791938782, 0.9356435537338257, 0.9430692791938782, 0.9430692791938782, 0.9455445408821106, 0.9430692791938782, 0.9430692791938782, 0.9455445408821106, 0.9455445408821106, 0.9455445408821106, 0.948019802570343, 0.9455445408821106, 0.9430692791938782, 0.9455445408821106, 0.948019802570343, 0.9430692791938782, 0.948019802570343, 0.948019802570343, 0.9455445408821106, 0.9430692791938782, 0.9455445408821106, 0.9455445408821106, 0.948019802570343, 0.9430692791938782, 0.948019802570343, 0.9455445408821106, 0.9455445408821106, 0.9430692791938782, 0.9455445408821106, 0.9430692791938782, 0.948019802570343, 0.948019802570343, 0.9455445408821106, 0.948019802570343, 0.948019802570343, 0.9455445408821106, 0.948019802570343, 0.9430692791938782, 0.948019802570343, 0.9455445408821106, 0.948019802570343, 0.9455445408821106, 0.948019802570343, 0.948019802570343, 0.948019802570343, 0.9455445408821106, 0.948019802570343, 0.9455445408821106, 0.948019802570343, 0.9455445408821106, 0.948019802570343, 0.9455445408821106, 0.9455445408821106],