{"loss": [0.4603909280896187, 0.29546568661928174, 0.23652926459908485, 0.19827516425400973, 0.14801019750535488, 0.13635085314512252, 0.09959568778052925, 0.09779956787358969, 0.07890881070867181, 0.07073854420799762, 0.06459049989003689, 0.04084293234394863, 0.029680967258755117, 0.05712368536042049, 0.057243476063013075, 0.025691087127197535, 0.03041526004904881, 0.023639453104115093, 0.007870512384397444, 0.004773199266637675], "train_accuracy": [0.8479999899864197, 0.6850000023841858, 0.8799999952316284, 0.9139999747276306, 0.902999997138977, 0.9520000219345093, 0.9800000190734863, 0.9810000061988831, 0.9750000238418579, 0.9490000009536743, 0.9620000123977661, 0.8479999899864197, 0.9649999737739563, 0.8970000147819519, 0.972000002861023, 0.9860000014305115, 0.9739999771118164, 0.9959999918937683, 1.0, 0.9399999976158142], "train_precision": [0.8479999899864197, 0.6850000023841858, 0.8799999952316284, 0.9139999747276306, 0.902999997138977, 0.9520000219345093, 0.9800000190734863, 0.9810000061988831, 0.9750000238418579, 0.9490000009536743, 0.9620000123977661, 0.8479999899864197, 0.9649999737739563, 0.8970000147819519, 0.972000002861023, 0.9860000014305115, 0.9739999771118164, 0.9959999918937683, 1.0, 0.9399999976158142], "train_recall": [0.8479999899864197, 0.6850000023841858, 0.8799999952316284, 0.9139999747276306, 0.902999997138977, 0.9520000219345093, 0.9800000190734863, 0.9810000061988831, 0.9750000238418579, 0.9490000009536743, 0.9620000123977661, 0.8479999899864197, 0.9649999737739563, 0.8970000147819519, 0.972000002861023, 0.9860000014305115, 0.9739999771118164, 0.9959999918937683, 1.0, 0.9399999976158142], "val_accuracy": [0.8415841460227966, 0.6881188154220581, 0.8638613820075989, 0.9121286869049072, 0.8873762488365173, 0.9331682920455933, 0.9678217768669128, 0.9603960514068604, 0.9554455280303955, 0.9245049357414246, 0.9418317079544067, 0.8044554591178894, 0.9467821717262268, 0.8787128925323486, 0.9591584205627441, 0.9566831588745117, 0.9504950642585754, 0.9702970385551453, 0.9727723002433777, 0.9183168411254883], "val_precision": [0.8415841460227966, 0.6881188154220581, 0.8638613820075989, 0.9121286869049072, 0.8873762488365173, 0.9331682920455933, 0.9678217768669128, 0.9603960514068604, 0.9554455280303955, 0.9245049357414246, 0.9418317079544067, 0.8044554591178894, 0.9467821717262268, 0.8787128925323486, 0.9591584205627441, 0.9566831588745117, 0.9504950642585754, 0.9702970385551453, 0.9727723002433777, 0.9183168411254883], "val_recall": [0.8415841460227966, 0.6881188154220581, 0.8638613820075989, 0.9121286869049072, 0.8873762488365173, 0.9331682920455933, 0.9678217768669128, 0.9603960514068604, 0.9554455280303955, 0.9245049357414246, 0.9418317079544067, 0.8044554591178894, 0.9467821717262268, 0.8787128925323486, 0.9591584205627441, 0.9566831588745117, 0.9504950642585754, 0.9702970385551453, 0.9727723002433777, 0.9183168411254883]}