{"loss": [0.44861804410815237, 0.5825714921951294, 0.5294684433937072, 0.5254825580120087, 0.4884041079878807, 0.45019616082310676, 0.4192082124948502, 0.3992515389621258, 0.3826936817169189, 0.3559349638223648, 0.3342762044072151, 0.3287098394334316, 0.32528286628425124, 0.32150958448648453, 0.31835944794118404, 0.3151709140837193, 0.31464269883930684, 0.3143766674399376, 0.3141434034705162, 0.31397561967372895], "train_accuracy": [0.8730000257492065, 0.7459999918937683, 0.7799999713897705, 0.8059999942779541, 0.8149999976158142, 0.8220000267028809, 0.8360000252723694, 0.8700000047683716, 0.8569999933242798, 0.8460000157356262, 0.8669999837875366, 0.875, 0.8700000047683716, 0.8700000047683716, 0.8820000290870667, 0.871999979019165, 0.871999979019165, 0.8790000081062317, 0.8930000066757202, 0.8690000176429749], "train_precision": [0.8730000257492065, 0.7459999918937683, 0.7799999713897705, 0.8059999942779541, 0.8149999976158142, 0.8220000267028809, 0.8360000252723694, 0.8700000047683716, 0.8569999933242798, 0.8460000157356262, 0.8669999837875366, 0.875, 0.8700000047683716, 0.8700000047683716, 0.8820000290870667, 0.871999979019165, 0.871999979019165, 0.8790000081062317, 0.8930000066757202, 0.8690000176429749], "train_recall": [0.8730000257492065, 0.7459999918937683, 0.7799999713897705, 0.8059999942779541, 0.8149999976158142, 0.8220000267028809, 0.8360000252723694, 0.8700000047683716, 0.8569999933242798, 0.8460000157356262, 0.8669999837875366, 0.875, 0.8700000047683716, 0.8700000047683716, 0.8820000290870667, 0.871999979019165, 0.871999979019165, 0.8790000081062317, 0.8930000066757202, 0.8690000176429749], "val_accuracy": [0.8762376308441162, 0.7561880946159363, 0.7574257254600525, 0.7636138796806335, 0.7735148668289185, 0.8106435537338257, 0.8106435537338257, 0.8292078971862793, 0.8242574334144592, 0.8316831588745117, 0.8477723002433777, 0.8514851331710815, 0.8564356565475464, 0.8589109182357788, 0.8576732873916626, 0.8613861203193665, 0.8613861203193665, 0.8613861203193665, 0.8613861203193665, 0.8626237511634827], "val_precision": [0.8762376308441162, 0.7561880946159363, 0.7574257254600525, 0.7636138796806335, 0.7735148668289185, 0.8106435537338257, 0.8106435537338257, 0.8292078971862793, 0.8242574334144592, 0.8316831588745117, 0.8477723002433777, 0.8514851331710815, 0.8564356565475464, 0.8589109182357788, 0.8576732873916626, 0.8613861203193665, 0.8613861203193665, 0.8613861203193665, 0.8613861203193665, 0.8626237511634827], "val_recall": [0.8762376308441162, 0.7561880946159363, 0.7574257254600525, 0.7636138796806335, 0.7735148668289185, 0.8106435537338257, 0.8106435537338257, 0.8292078971862793, 0.8242574334144592, 0.8316831588745117, 0.8477723002433777, 0.8514851331710815, 0.8564356565475464, 0.8589109182357788, 0.8576732873916626, 0.8613861203193665, 0.8613861203193665, 0.8613861203193665, 0.8613861203193665, 0.8626237511634827]}