{"loss": [2.705062318204054, 2.3466558693653314, 2.3268378587504523, 2.328952671876594, 2.3227269151317538, 2.315146707183686, 2.3093410635468974, 2.3103362410815795, 2.310041306030691, 2.3102978290016973, 2.3080800332833284, 2.3077400009430464, 2.307675588190259, 2.307502998048393, 2.307671319192915, 2.3071702066345594, 2.3071310033845664, 2.3071715167505826, 2.3071550783233263, 2.3070841606576646, 2.307103188476752, 2.307033898818552, 2.30702814059471, 2.307173338102464, 2.3070992444878193, 2.3070273826371377, 2.3070257908076197, 2.3071001477502473, 2.3069711277140907, 2.3070212145942954], "train_accuracy": [0.21699999272823334, 0.2290000021457672, 0.18799999356269836, 0.23899999260902405, 0.2409999966621399, 0.2370000034570694, 0.2460000067949295, 0.23999999463558197, 0.23899999260902405, 0.23499999940395355, 0.2199999988079071, 0.22200000286102295, 0.20600000023841858, 0.21199999749660492, 0.20999999344348907, 0.22599999606609344, 0.24300000071525574, 0.24300000071525574, 0.2199999988079071, 0.21699999272823334, 0.22200000286102295, 0.24199999868869781, 0.23800000548362732, 0.21799999475479126, 0.22599999606609344, 0.2290000021457672, 0.2240000069141388, 0.23899999260902405, 0.2280000001192093, 0.21799999475479126], "train_precision": [0.21699999272823334, 0.2290000021457672, 0.18799999356269836, 0.23899999260902405, 0.2409999966621399, 0.2370000034570694, 0.2460000067949295, 0.23999999463558197, 0.23899999260902405, 0.23499999940395355, 0.2199999988079071, 0.22200000286102295, 0.20600000023841858, 0.21199999749660492, 0.20999999344348907, 0.22599999606609344, 0.24300000071525574, 0.24300000071525574, 0.2199999988079071, 0.21699999272823334, 0.22200000286102295, 0.24199999868869781, 0.23800000548362732, 0.21799999475479126, 0.22599999606609344, 0.2290000021457672, 0.2240000069141388, 0.23899999260902405, 0.2280000001192093, 0.21799999475479126], "train_recall": [0.21699999272823334, 0.2290000021457672, 0.18799999356269836, 0.23899999260902405, 0.2409999966621399, 0.2370000034570694, 0.2460000067949295, 0.23999999463558197, 0.23899999260902405, 0.23499999940395355, 0.2199999988079071, 0.22200000286102295, 0.20600000023841858, 0.21199999749660492, 0.20999999344348907, 0.22599999606609344, 0.24300000071525574, 0.24300000071525574, 0.2199999988079071, 0.21699999272823334, 0.22200000286102295, 0.24199999868869781, 0.23800000548362732, 0.21799999475479126, 0.22599999606609344, 0.2290000021457672, 0.2240000069141388, 0.23899999260902405, 0.2280000001192093, 0.21799999475479126], "val_accuracy": [0.23762376606464386, 0.23762376606464386, 0.18564356863498688, 0.23762376606464386, 0.23762376606464386, 0.23762376606464386, 0.23762376606464386, 0.23762376606464386, 0.23762376606464386, 0.23762376606464386, 0.23762376606464386, 0.23762376606464386, 0.23762376606464386, 0.23762376606464386, 0.23762376606464386, 0.23762376606464386, 0.23762376606464386, 0.23762376606464386, 0.23762376606464386, 0.23762376606464386, 0.23762376606464386, 0.23762376606464386, 0.23762376606464386, 0.23762376606464386, 0.23762376606464386, 0.23762376606464386, 0.23762376606464386, 0.23762376606464386, 0.23762376606464386, 0.23762376606464386], "val_precision": [0.23762376606464386, 0.23762376606464386, 0.18564356863498688, 0.23762376606464386, 0.23762376606464386, 0.23762376606464386, 0.23762376606464386, 0.23762376606464386, 0.23762376606464386, 0.23762376606464386, 0.23762376606464386, 0.23762376606464386, 0.23762376606464386, 0.23762376606464386, 0.23762376606464386, 0.23762376606464386, 0.23762376606464386, 0.23762376606464386, 0.23762376606464386, 0.23762376606464386, 0.23762376606464386, 0.23762376606464386, 0.23762376606464386, 0.23762376606464386, 0.23762376606464386, 0.23762376606464386, 0.23762376606464386, 0.23762376606464386, 0.23762376606464386, 0.23762376606464386], "val_recall": [0.23762376606464386, 0.23762376606464386, 0.18564356863498688, 0.23762376606464386, 0.23762376606464386, 0.23762376606464386, 0.23762376606464386, 0.23762376606464386, 0.23762376606464386, 0.23762376606464386, 0.23762376606464386, 0.23762376606464386, 0.23762376606464386, 0.23762376606464386, 0.23762376606464386, 0.23762376606464386, 0.23762376606464386, 0.23762376606464386, 0.23762376606464386, 0.23762376606464386, 0.23762376606464386, 0.23762376606464386, 0.23762376606464386, 0.23762376606464386, 0.23762376606464386, 0.23762376606464386, 0.23762376606464386, 0.23762376606464386, 0.23762376606464386, 0.23762376606464386]}