{"loss": [2.336359672285431, 2.313921555950867, 2.263811817809717, 2.2034629340195537, NaN, NaN, NaN, NaN, NaN, NaN, NaN, NaN, NaN, NaN, NaN, NaN, NaN, NaN, NaN, NaN], "train_accuracy": [0.21699999272823334, 0.23499999940395355, 0.23499999940395355, 0.24300000071525574, 0.21400000154972076, 0.2070000022649765, 0.24899999797344208, 0.23499999940395355, 0.20499999821186066, 0.2370000034570694, 0.22100000083446503, 0.2370000034570694, 0.21299999952316284, 0.23000000417232513, 0.22200000286102295, 0.2150000035762787, 0.22699999809265137, 0.22499999403953552, 0.23800000548362732, 0.21199999749660492], "train_precision": [0.21699999272823334, 0.23499999940395355, 0.23499999940395355, 0.24300000071525574, 0.21400000154972076, 0.2070000022649765, 0.24899999797344208, 0.23499999940395355, 0.20499999821186066, 0.2370000034570694, 0.22100000083446503, 0.2370000034570694, 0.21299999952316284, 0.23000000417232513, 0.22200000286102295, 0.2150000035762787, 0.22699999809265137, 0.22499999403953552, 0.23800000548362732, 0.21199999749660492], "train_recall": [0.21699999272823334, 0.23499999940395355, 0.23499999940395355, 0.24300000071525574, 0.21400000154972076, 0.2070000022649765, 0.24899999797344208, 0.23499999940395355, 0.20499999821186066, 0.2370000034570694, 0.22100000083446503, 0.2370000034570694, 0.21299999952316284, 0.23000000417232513, 0.22200000286102295, 0.2150000035762787, 0.22699999809265137, 0.22499999403953552, 0.23800000548362732, 0.21199999749660492], "val_accuracy": [0.2227722704410553, 0.2227722704410553, 0.2227722704410553, 0.2698019742965698, 0.2227722704410553, 0.2227722704410553, 0.2227722704410553, 0.2227722704410553, 0.2227722704410553, 0.2227722704410553, 0.2227722704410553, 0.2227722704410553, 0.2227722704410553, 0.2227722704410553, 0.2227722704410553, 0.2227722704410553, 0.2227722704410553, 0.2227722704410553, 0.2227722704410553, 0.2227722704410553], "val_precision": [0.2227722704410553, 0.2227722704410553, 0.2227722704410553, 0.2698019742965698, 0.2227722704410553, 0.2227722704410553, 0.2227722704410553, 0.2227722704410553, 0.2227722704410553, 0.2227722704410553, 0.2227722704410553, 0.2227722704410553, 0.2227722704410553, 0.2227722704410553, 0.2227722704410553, 0.2227722704410553, 0.2227722704410553, 0.2227722704410553, 0.2227722704410553, 0.2227722704410553], "val_recall": [0.2227722704410553, 0.2227722704410553, 0.2227722704410553, 0.2698019742965698, 0.2227722704410553, 0.2227722704410553, 0.2227722704410553, 0.2227722704410553, 0.2227722704410553, 0.2227722704410553, 0.2227722704410553, 0.2227722704410553, 0.2227722704410553, 0.2227722704410553, 0.2227722704410553, 0.2227722704410553, 0.2227722704410553, 0.2227722704410553, 0.2227722704410553, 0.2227722704410553]}