{"loss": [2.5145819187164307, 2.4299755905355727, 2.399740593773978, 2.3821427396365573, 2.3609611306871687, 2.3402440760816847, 2.3201938228947774, 2.309892705508641, 2.298654271023614, 2.289290568658284, 2.280510480914797, 2.2796338626316617, 2.276412299701146, 2.2752999365329742, 2.275632734809603, 2.274865299463272, 2.274510179247175, 2.2730656138488223, 2.273356224809374, 2.271575906447002, 2.276129569326128, 2.2718663130487715, 2.2725840466363088, 2.2724884833608354, 2.2723873257637024, 2.27315662588392, 2.2718925220625743, 2.274129641907556, 2.2744956740311215, 2.270884075335094, 2.274759156363351, 2.271918978009905, 2.2725143347467696, 2.2736206310135976, 2.274776910032545, 2.271294355392456, 2.273410120180675, 2.2705221005848477, 2.273918343441827, 2.275550595351628], "train_accuracy": [0.37400001287460327, 0.4129999876022339, 0.44600000977516174, 0.4690000116825104, 0.4359999895095825, 0.49399998784065247, 0.5009999871253967, 0.5329999923706055, 0.5180000066757202, 0.5440000295639038, 0.5479999780654907, 0.5519999861717224, 0.527999997138977, 0.550000011920929, 0.5460000038146973, 0.5210000276565552, 0.5590000152587891, 0.5440000295639038, 0.5550000071525574, 0.5440000295639038, 0.5329999923706055, 0.5559999942779541, 0.5389999747276306, 0.5400000214576721, 0.5450000166893005, 0.5350000262260437, 0.5490000247955322, 0.5299999713897705, 0.5450000166893005, 0.5379999876022339, 0.5270000100135803, 0.5640000104904175, 0.5410000085830688, 0.5410000085830688, 0.5210000276565552, 0.5419999957084656, 0.5429999828338623, 0.5220000147819519, 0.5299999713897705, 0.5450000166893005], "train_precision": [0.37400001287460327, 0.4129999876022339, 0.44600000977516174, 0.4690000116825104, 0.4359999895095825, 0.49399998784065247, 0.5009999871253967, 0.5329999923706055, 0.5180000066757202, 0.5440000295639038, 0.5479999780654907, 0.5519999861717224, 0.527999997138977, 0.550000011920929, 0.5460000038146973, 0.5210000276565552, 0.5590000152587891, 0.5440000295639038, 0.5550000071525574, 0.5440000295639038, 0.5329999923706055, 0.5559999942779541, 0.5389999747276306, 0.5400000214576721, 0.5450000166893005, 0.5350000262260437, 0.5490000247955322, 0.5299999713897705, 0.5450000166893005, 0.5379999876022339, 0.5270000100135803, 0.5640000104904175, 0.5410000085830688, 0.5410000085830688, 0.5210000276565552, 0.5419999957084656, 0.5429999828338623, 0.5220000147819519, 0.5299999713897705, 0.5450000166893005], "train_recall": [0.37400001287460327, 0.4129999876022339, 0.44600000977516174, 0.4690000116825104, 0.4359999895095825, 0.49399998784065247, 0.5009999871253967, 0.5329999923706055, 0.5180000066757202, 0.5440000295639038, 0.5479999780654907, 0.5519999861717224, 0.527999997138977, 0.550000011920929, 0.5460000038146973, 0.5210000276565552, 0.5590000152587891, 0.5440000295639038, 0.5550000071525574, 0.5440000295639038, 0.5329999923706055, 0.5559999942779541, 0.5389999747276306, 0.5400000214576721, 0.5450000166893005, 0.5350000262260437, 0.5490000247955322, 0.5299999713897705, 0.5450000166893005, 0.5379999876022339, 0.5270000100135803, 0.5640000104904175, 0.5410000085830688, 0.5410000085830688, 0.5210000276565552, 0.5419999957084656, 0.5429999828338623, 0.5220000147819519, 0.5299999713897705, 0.5450000166893005], "val_accuracy": [0.32425743341445923, 0.34405940771102905, 0.3366336524486542, 0.38118812441825867, 0.36138615012168884, 0.37871286273002625, 0.3935643434524536, 0.4034653604030609, 0.40594059228897095, 0.40594059228897095, 0.40594059228897095, 0.4034653604030609, 0.4108910858631134, 0.4009900987148285, 0.40594059228897095, 0.4034653604030609, 0.4034653604030609, 0.4108910858631134, 0.40841585397720337, 0.4034653604030609, 0.40841585397720337, 0.4034653604030609, 0.40841585397720337, 0.4133663475513458, 0.3935643434524536, 0.4108910858631134, 0.39851483702659607, 0.4108910858631134, 0.40841585397720337, 0.40841585397720337, 0.40594059228897095, 0.4108910858631134, 0.40841585397720337, 0.4133663475513458, 0.40841585397720337, 0.40594059228897095, 0.4034653604030609, 0.39603960514068604, 0.39851483702659607, 0.4034653604030609], "val_precision": [0.32425743341445923, 0.34405940771102905, 0.3366336524486542, 0.38118812441825867, 0.36138615012168884, 0.37871286273002625, 0.3935643434524536, 0.4034653604030609, 0.40594059228897095, 0.40594059228897095, 0.40594059228897095, 0.4034653604030609, 0.4108910858631134, 0.4009900987148285, 0.40594059228897095, 0.4034653604030609, 0.4034653604030609, 0.4108910858631134, 0.40841585397720337, 0.4034653604030609, 0.40841585397720337, 0.4034653604030609, 0.40841585397720337, 0.4133663475513458, 0.3935643434524536, 0.4108910858631134, 0.39851483702659607, 0.4108910858631134, 0.40841585397720337, 0.40841585397720337, 0.40594059228897095, 0.4108910858631134, 0.40841585397720337, 0.4133663475513458, 0.40841585397720337, 0.40594059228897095, 0.4034653604030609, 0.39603960514068604, 0.39851483702659607, 0.4034653604030609], "val_recall": [0.32425743341445923, 0.34405940771102905, 0.3366336524486542, 0.38118812441825867, 0.36138615012168884, 0.37871286273002625, 0.3935643434524536, 0.4034653604030609, 0.40594059228897095, 0.40594059228897095, 0.40594059228897095, 0.4034653604030609, 0.4108910858631134, 0.4009900987148285, 0.40594059228897095, 0.4034653604030609, 0.4034653604030609, 0.4108910858631134, 0.40841585397720337, 0.4034653604030609, 0.40841585397720337, 0.4034653604030609, 0.40841585397720337, 0.4133663475513458, 0.3935643434524536, 0.4108910858631134, 0.39851483702659607, 0.4108910858631134, 0.40841585397720337, 0.40841585397720337, 0.40594059228897095, 0.4108910858631134, 0.40841585397720337, 0.4133663475513458, 0.40841585397720337, 0.40594059228897095, 0.4034653604030609, 0.39603960514068604, 0.39851483702659607, 0.4034653604030609]}