{"loss": [2.5209141075611115, 2.460564068385533, 2.4280556610652377, 2.412517500775201, 2.408238866499492, 2.3896353117057254, 2.3725906865937367, 2.3615327860627855, 2.3547962861401692, 2.3491396946566447, 2.3408025332859586, 2.335489967039653, 2.332724784101759, 2.3330852474485124, 2.3331341573170254, 2.3354342750140598, 2.3344081810542514, 2.3325140135628835, 2.333842626639775, 2.3267132810183933, 2.334217927285603, 2.333807178906032, 2.3317563576357707, 2.3321610263415744, 2.3327435851097107, 2.335390184606825, 2.3292849957942963, 2.333107339484351, 2.334157862833568, 2.3342276556151256, 2.3317481875419617, 2.333358517714909, 2.3332783366952623, 2.3341141513415744, 2.3338355123996735, 2.3345069204057967, 2.331372005598886, 2.3305750829832896, 2.3327318898269107, 2.335293914590563], "train_accuracy": [0.3050000071525574, 0.3610000014305115, 0.4090000092983246, 0.39800000190734863, 0.3790000081062317, 0.4399999976158142, 0.4519999921321869, 0.44200000166893005, 0.4569999873638153, 0.46299999952316284, 0.4779999852180481, 0.4830000102519989, 0.48399999737739563, 0.48899999260902405, 0.5019999742507935, 0.4880000054836273, 0.4790000021457672, 0.4860000014305115, 0.4970000088214874, 0.4740000069141388, 0.4860000014305115, 0.46799999475479126, 0.47600001096725464, 0.4869999885559082, 0.45399999618530273, 0.4749999940395355, 0.48899999260902405, 0.47600001096725464, 0.4909999966621399, 0.49000000953674316, 0.48500001430511475, 0.5199999809265137, 0.4869999885559082, 0.45899999141693115, 0.4790000021457672, 0.4819999933242798, 0.46399998664855957, 0.4740000069141388, 0.47200000286102295, 0.4869999885559082], "train_precision": [0.3050000071525574, 0.3610000014305115, 0.4090000092983246, 0.39800000190734863, 0.3790000081062317, 0.4399999976158142, 0.4519999921321869, 0.44200000166893005, 0.4569999873638153, 0.46299999952316284, 0.4779999852180481, 0.4830000102519989, 0.48399999737739563, 0.48899999260902405, 0.5019999742507935, 0.4880000054836273, 0.4790000021457672, 0.4860000014305115, 0.4970000088214874, 0.4740000069141388, 0.4860000014305115, 0.46799999475479126, 0.47600001096725464, 0.4869999885559082, 0.45399999618530273, 0.4749999940395355, 0.48899999260902405, 0.47600001096725464, 0.4909999966621399, 0.49000000953674316, 0.48500001430511475, 0.5199999809265137, 0.4869999885559082, 0.45899999141693115, 0.4790000021457672, 0.4819999933242798, 0.46399998664855957, 0.4740000069141388, 0.47200000286102295, 0.4869999885559082], "train_recall": [0.3050000071525574, 0.3610000014305115, 0.4090000092983246, 0.39800000190734863, 0.3790000081062317, 0.4399999976158142, 0.4519999921321869, 0.44200000166893005, 0.4569999873638153, 0.46299999952316284, 0.4779999852180481, 0.4830000102519989, 0.48399999737739563, 0.48899999260902405, 0.5019999742507935, 0.4880000054836273, 0.4790000021457672, 0.4860000014305115, 0.4970000088214874, 0.4740000069141388, 0.4860000014305115, 0.46799999475479126, 0.47600001096725464, 0.4869999885559082, 0.45399999618530273, 0.4749999940395355, 0.48899999260902405, 0.47600001096725464, 0.4909999966621399, 0.49000000953674316, 0.48500001430511475, 0.5199999809265137, 0.4869999885559082, 0.45899999141693115, 0.4790000021457672, 0.4819999933242798, 0.46399998664855957, 0.4740000069141388, 0.47200000286102295, 0.4869999885559082], "val_accuracy": [0.31683167815208435, 0.3490099012851715, 0.3861386179924011, 0.37871286273002625, 0.3910891115665436, 0.37128713726997375, 0.3836633563041687, 0.3762376308441162, 0.37871286273002625, 0.3836633563041687, 0.3861386179924011, 0.3836633563041687, 0.4009900987148285, 0.3935643434524536, 0.3910891115665436, 0.3935643434524536, 0.3910891115665436, 0.3836633563041687, 0.3910891115665436, 0.38861384987831116, 0.3935643434524536, 0.3935643434524536, 0.39603960514068604, 0.38118812441825867, 0.3910891115665436, 0.3910891115665436, 0.3861386179924011, 0.3836633563041687, 0.38861384987831116, 0.38861384987831116, 0.38861384987831116, 0.3861386179924011, 0.38118812441825867, 0.3861386179924011, 0.3861386179924011, 0.3861386179924011, 0.39603960514068604, 0.3861386179924011, 0.3861386179924011, 0.3836633563041687], "val_precision": [0.31683167815208435, 0.3490099012851715, 0.3861386179924011, 0.37871286273002625, 0.3910891115665436, 0.37128713726997375, 0.3836633563041687, 0.3762376308441162, 0.37871286273002625, 0.3836633563041687, 0.3861386179924011, 0.3836633563041687, 0.4009900987148285, 0.3935643434524536, 0.3910891115665436, 0.3935643434524536, 0.3910891115665436, 0.3836633563041687, 0.3910891115665436, 0.38861384987831116, 0.3935643434524536, 0.3935643434524536, 0.39603960514068604, 0.38118812441825867, 0.3910891115665436, 0.3910891115665436, 0.3861386179924011, 0.3836633563041687, 0.38861384987831116, 0.38861384987831116, 0.38861384987831116, 0.3861386179924011, 0.38118812441825867, 0.3861386179924011, 0.3861386179924011, 0.3861386179924011, 0.39603960514068604, 0.3861386179924011, 0.3861386179924011, 0.3836633563041687], "val_recall": [0.31683167815208435, 0.3490099012851715, 0.3861386179924011, 0.37871286273002625, 0.3910891115665436, 0.37128713726997375, 0.3836633563041687, 0.3762376308441162, 0.37871286273002625, 0.3836633563041687, 0.3861386179924011, 0.3836633563041687, 0.4009900987148285, 0.3935643434524536, 0.3910891115665436, 0.3935643434524536, 0.3910891115665436, 0.3836633563041687, 0.3910891115665436, 0.38861384987831116, 0.3935643434524536, 0.3935643434524536, 0.39603960514068604, 0.38118812441825867, 0.3910891115665436, 0.3910891115665436, 0.3861386179924011, 0.3836633563041687, 0.38861384987831116, 0.38861384987831116, 0.38861384987831116, 0.3861386179924011, 0.38118812441825867, 0.3861386179924011, 0.3861386179924011, 0.3861386179924011, 0.39603960514068604, 0.3861386179924011, 0.3861386179924011, 0.3836633563041687]}