{"loss": [0.9827057431851115, 0.9945710876158306, 0.9930458100778716, 0.9945396067840713, 0.997155103300299, 0.9968199687344688, 0.9990352051598685, 1.0036791594965118, 1.0026342496275902, 1.0042147859930992, 1.0056582252894128, 1.0099015033670835, 1.0091610008052416, 1.009340722646032, 1.0133139320782252, 1.0079857515437263, 1.007542042859963, 1.0062223970890045, 1.0098166093230247, 1.006681618945939, 1.0075905844569206, 1.0063148747597421, 1.0061081051826477, 1.0057353132537432, 1.0068242422172002, 1.006351965878691, 1.0044503850596291, 1.0057715124317579, 1.005257028554167, 1.0105670392513275, 1.0075452976993151, 1.0049621249948228, 1.0037521421909332, 1.0026377109544617, 1.002000775720392, 1.0016374566725321, 1.0013513650212968, 1.0010102880852563, 1.000439588512693, 1.0000202772872788], "train_accuracy": [0.3190000057220459, 0.3569999933242798, 0.3930000066757202, 0.39100000262260437, 0.40700000524520874, 0.4180000126361847, 0.3889999985694885, 0.40799999237060547, 0.41100001335144043, 0.39800000190734863, 0.3880000114440918, 0.3400000035762787, 0.3659999966621399, 0.3840000033378601, 0.41200000047683716, 0.382999986410141, 0.3930000066757202, 0.4050000011920929, 0.39899998903274536, 0.4099999964237213, 0.3930000066757202, 0.40700000524520874, 0.3970000147819519, 0.36399999260902405, 0.4050000011920929, 0.3779999911785126, 0.382999986410141, 0.3799999952316284, 0.4020000100135803, 0.3840000033378601, 0.3889999985694885, 0.39500001072883606, 0.38199999928474426, 0.4090000092983246, 0.3930000066757202, 0.41499999165534973, 0.4350000023841858, 0.40799999237060547, 0.41499999165534973, 0.4020000100135803], "train_accuracy_considering_uncertainty": [0.3190000057220459, 0.33485856652259827, 0.350315123796463, 0.35917115211486816, 0.36789602041244507, 0.3759351670742035, 0.3778650164604187, 0.3817879557609558, 0.38415631651878357, 0.3863303065299988, 0.3866356313228607, 0.38330090045928955, 0.3818354904651642, 0.38172656297683716, 0.38226181268692017, 0.381595641374588, 0.38139277696609497, 0.38201704621315, 0.38249847292900085, 0.383436918258667, 0.38431912660598755, 0.38482481241226196, 0.3850037753582001, 0.3844467103481293, 0.38459765911102295, 0.3839612305164337, 0.3837190568447113, 0.38352009654045105, 0.3836574852466583, 0.3835458755493164, 0.3837430477142334, 0.38410744071006775, 0.38416650891304016, 0.38491928577423096, 0.3853824734687805, 0.38619863986968994, 0.3873971700668335, 0.38805997371673584, 0.38883572816848755, 0.3895006775856018], "train_rejected_corrects_share": [0.0, 0.0, 0.0, 0.0, 0.0, 0.0, 0.0, 0.0, 0.0, 0.0, 0.0, 0.0, 0.0, 0.0, 0.0, 0.0, 0.0, 0.0, 0.0, 0.0, 0.0, 0.0, 0.0, 0.0, 0.0, 0.0, 0.0, 0.0, 0.0, 0.0, 0.0, 0.0, 0.0, 0.0, 0.0, 0.0, 0.0, 0.0, 0.0, 0.0], "train_precision": [0.3190000057220459, 0.3569999933242798, 0.3930000066757202, 0.39100000262260437, 0.40700000524520874, 0.4180000126361847, 0.3889999985694885, 0.40799999237060547, 0.41100001335144043, 0.39800000190734863, 0.3880000114440918, 0.3400000035762787, 0.3659999966621399, 0.3840000033378601, 0.41200000047683716, 0.382999986410141, 0.3930000066757202, 0.4050000011920929, 0.39899998903274536, 0.4099999964237213, 0.3930000066757202, 0.40700000524520874, 0.3970000147819519, 0.36399999260902405, 0.4050000011920929, 0.3779999911785126, 0.382999986410141, 0.3799999952316284, 0.4020000100135803, 0.3840000033378601, 0.3889999985694885, 0.39500001072883606, 0.38199999928474426, 0.4090000092983246, 0.3930000066757202, 0.41499999165534973, 0.4350000023841858, 0.40799999237060547, 0.41499999165534973, 0.4020000100135803], "train_recall": [0.3190000057220459, 0.3569999933242798, 0.3930000066757202, 0.39100000262260437, 0.40700000524520874, 0.4180000126361847, 0.3889999985694885, 0.40799999237060547, 0.41100001335144043, 0.39800000190734863, 0.3880000114440918, 0.3400000035762787, 0.3659999966621399, 0.3840000033378601, 0.41200000047683716, 0.382999986410141, 0.3930000066757202, 0.4050000011920929, 0.39899998903274536, 0.4099999964237213, 0.3930000066757202, 0.40700000524520874, 0.3970000147819519, 0.36399999260902405, 0.4050000011920929, 0.3779999911785126, 0.382999986410141, 0.3799999952316284, 0.4020000100135803, 0.3840000033378601, 0.3889999985694885, 0.39500001072883606, 0.38199999928474426, 0.4090000092983246, 0.3930000066757202, 0.41499999165534973, 0.4350000023841858, 0.40799999237060547, 0.41499999165534973, 0.4020000100135803], "val_accuracy": [0.3193069398403168, 0.3366336524486542, 0.3638613820075989, 0.3836633563041687, 0.4034653604030609, 0.38861384987831116, 0.40841585397720337, 0.38118812441825867, 0.42326733469963074, 0.3935643434524536, 0.3663366436958313, 0.36138615012168884, 0.37128713726997375, 0.33415842056274414, 0.34405940771102905, 0.34158414602279663, 0.36138615012168884, 0.37128713726997375, 0.37871286273002625, 0.42326733469963074, 0.3663366436958313, 0.36881187558174133, 0.3910891115665436, 0.3465346395969391, 0.34405940771102905, 0.3638613820075989, 0.3737623691558838, 0.35148516297340393, 0.37128713726997375, 0.3910891115665436, 0.39603960514068604, 0.39603960514068604, 0.4108910858631134, 0.4207920730113983, 0.4133663475513458, 0.4183168411254883, 0.42326733469963074, 0.42574256658554077, 0.448019802570343, 0.44059404730796814], "val_accuracy_considering_uncertainty": [0.31908831000328064, 0.3351139724254608, 0.35161444544792175, 0.3609330356121063, 0.3699430227279663, 0.37654322385787964, 0.3791208863258362, 0.3817663788795471, 0.3854067623615265, 0.38653847575187683, 0.38610464334487915, 0.3827753961086273, 0.381602019071579, 0.3807488679885864, 0.38152897357940674, 0.3808760643005371, 0.3810541331768036, 0.38184553384780884, 0.38244113326072693, 0.3840099573135376, 0.3840727210044861, 0.38461539149284363, 0.38507989048957825, 0.38399216532707214, 0.3841310441493988, 0.38373875617980957, 0.3836129605770111, 0.3831908702850342, 0.3835347294807434, 0.38361823558807373, 0.38385719060897827, 0.38421472907066345, 0.38439956307411194, 0.3852228820323944, 0.3856125473976135, 0.38645535707473755, 0.3876761496067047, 0.388345330953598, 0.38927242159843445, 0.38986822962760925], "val_rejected_corrects_share": [0.0, 0.0, 0.0, 0.0, 0.0, 0.0, 0.0, 0.0, 0.0, 0.0, 0.0, 0.0, 0.0, 0.0, 0.0, 0.0, 0.0, 0.0, 0.0, 0.0, 0.0, 0.0, 0.0, 0.0, 0.0, 0.0, 0.0, 0.0, 0.0, 0.0, 0.0, 0.0, 0.0, 0.0, 0.0, 0.0, 0.0, 0.0, 0.0, 0.0], "val_precision": [0.3193069398403168, 0.3366336524486542, 0.3638613820075989, 0.3836633563041687, 0.4034653604030609, 0.38861384987831116, 0.40841585397720337, 0.38118812441825867, 0.42326733469963074, 0.3935643434524536, 0.3663366436958313, 0.36138615012168884, 0.37128713726997375, 0.33415842056274414, 0.34405940771102905, 0.34158414602279663, 0.36138615012168884, 0.37128713726997375, 0.37871286273002625, 0.42326733469963074, 0.3663366436958313, 0.36881187558174133, 0.3910891115665436, 0.3465346395969391, 0.34405940771102905, 0.3638613820075989, 0.3737623691558838, 0.35148516297340393, 0.37128713726997375, 0.3910891115665436, 0.39603960514068604, 0.39603960514068604, 0.4108910858631134, 0.4207920730113983, 0.4133663475513458, 0.4183168411254883, 0.42326733469963074, 0.42574256658554077, 0.448019802570343, 0.44059404730796814], "val_recall": [0.3193069398403168, 0.3366336524486542, 0.3638613820075989, 0.3836633563041687, 0.4034653604030609, 0.38861384987831116, 0.40841585397720337, 0.38118812441825867, 0.42326733469963074, 0.3935643434524536, 0.3663366436958313, 0.36138615012168884, 0.37128713726997375, 0.33415842056274414, 0.34405940771102905, 0.34158414602279663, 0.36138615012168884, 0.37128713726997375, 0.37871286273002625, 0.42326733469963074, 0.3663366436958313, 0.36881187558174133, 0.3910891115665436, 0.3465346395969391, 0.34405940771102905, 0.3638613820075989, 0.3737623691558838, 0.35148516297340393, 0.37128713726997375, 0.3910891115665436, 0.39603960514068604, 0.39603960514068604, 0.4108910858631134, 0.4207920730113983, 0.4133663475513458, 0.4183168411254883, 0.42326733469963074, 0.42574256658554077, 0.448019802570343, 0.44059404730796814]}