{"accuracy": 0.3161490559577942, "precision": 0.3161490559577942, "recall": 0.3161490559577942, "uncertainty_matrix": [19.0, 490.0, 0.0, 1101.0], "AvU": 0.6956521739130435, "AccU": 0.011801242236024845, "Acc": 0.31614906832298134, "SRC": 0.30434782608695654, "correct": [1.0, 1.0, 1.0, 1.0, 1.0, 1.0, 0.914249062538147, 0.878776490688324, 1.0, 1.0, 1.0, 0.528030276298523, 0.6572962999343872, 0.6393086314201355, 1.0, 1.0, 0.9472332000732422, 0.9994498491287231, 0.8238799571990967, 0.9726185202598572, 1.0, 1.0, 1.0, 1.0, 1.0, 1.0, 1.0, 1.0, 1.0, 1.0, 1.0, 1.0, 1.0, 1.0, 1.0, 1.0, 1.0, 1.0, 1.0, 1.0, 1.0, 1.0, 1.0, 1.0, 1.0, 1.0, 1.0, 1.0, 1.0, 1.0, 1.0, 1.0, 1.0, 1.0, 1.0, 1.0, 1.0, 1.0, 1.0, 1.0, 1.0, 1.0, 1.0, 1.0, 1.0, 1.0, 1.0, 1.0, 1.0, 1.0, 1.0, 1.0, 1.0, 1.0, 1.0, 1.0, 1.0, 1.0, 1.0, 1.0, 1.0, 1.0, 1.0, 1.0, 1.0, 1.0, 1.0, 1.0, 1.0, 1.0, 1.0, 1.0, 1.0, 1.0, 1.0, 1.0, 1.0, 1.0, 1.0, 1.0, 1.0, 1.0, 1.0, 1.0, 1.0, 1.0, 1.0, 1.0, 0.9866355657577515, 1.0, 1.0, 1.0, 0.6307206153869629, 1.0, 0.7238225936889648, 1.0, 1.0, 0.8600772619247437, 1.0, 0.5875895619392395, 1.0, 1.0, 0.8215296268463135, 0.6230999231338501, 0.7508513927459717, 0.6628295183181763, 0.6753783226013184, 1.0, 1.0, 1.0, 1.0, 1.0, 1.0, 1.0, 1.0, 1.0, 1.0, 1.0, 1.0, 1.0, 1.0, 1.0, 1.0, 0.95427405834198, 1.0, 1.0, 1.0, 0.8910228610038757, 1.0, 0.8759704828262329, 1.0, 1.0, 0.8830211758613586, 1.0, 1.0, 1.0, 0.8285390138626099, 1.0, 1.0, 1.0, 0.9202607870101929, 1.0, 1.0, 1.0, 1.0, 1.0, 1.0, 1.0, 0.9242730736732483, 1.0, 0.9559973478317261, 1.0, 1.0, 0.8853974342346191, 0.8938708901405334, 0.5012236833572388, 0.7888542413711548, 0.6962860226631165, 1.0, 0.48656049370765686, 0.47808289527893066, 0.489594966173172, 0.47712069749832153, 0.5992144346237183, 0.5317547917366028, 0.4946064054965973, 0.5551130771636963, 0.7166827917098999, 0.7869486808776855, 0.48375245928764343, 0.4857144355773926, 0.48537081480026245, 0.4898934066295624, 0.6172636151313782, 0.7420187592506409, 0.9311806559562683, 0.5749589204788208, 0.48422905802726746, 0.5884782075881958, 1.0, 1.0, 1.0, 1.0, 1.0, 1.0, 1.0, 1.0, 1.0, 1.0, 1.0, 1.0, 1.0, 1.0, 1.0, 1.0, 1.0, 1.0, 1.0, 1.0, 1.0, 1.0, 0.9834743142127991, 1.0, 1.0, 1.0, 0.9746475219726562, 1.0, 1.0, 1.0, 1.0, 1.0, 1.0, 1.0, 0.9825188517570496, 1.0, 1.0, 1.0, 1.0, 1.0, 1.0, 1.0, 1.0, 0.7790603041648865, 0.8579188585281372, 0.9140639305114746, 0.8507484197616577, 1.0, 0.8385095596313477, 0.8735014796257019, 0.802096962928772, 0.9015297293663025, 0.8208220601081848, 0.9868811964988708, 0.861847996711731, 0.8935096859931946, 0.8628243207931519, 0.9938062429428101, 0.9283889532089233, 0.775424599647522, 0.9100639224052429, 0.8590806126594543, 0.9004014134407043, 0.8749972581863403, 0.7854639887809753, 0.7978343963623047, 0.9003825187683105, 0.8833901286125183, 0.9193413853645325, 0.9010155200958252, 0.9344169497489929, 0.9052649140357971, 0.8746982216835022, 0.8236251473426819, 0.8658375144004822, 1.0, 0.8976426720619202, 0.9334312081336975, 0.8578001856803894, 1.0, 0.8622390031814575, 0.8942028284072876, 0.8740830421447754, 0.9023127555847168, 0.8766045570373535, 0.8822330236434937, 0.8263012766838074, 0.48882460594177246, 0.5446869134902954, 0.5134390592575073, 0.5330034494400024, 0.6062064170837402, 1.0, 1.0, 1.0, 1.0, 0.48823991417884827, 0.7480334043502808, 0.5046961307525635, 0.5166707038879395, 0.4804879426956177, 0.5162625908851624, 0.49808362126350403, 0.5349652171134949, 1.0, 1.0, 1.0, 1.0, 1.0, 1.0, 1.0, 1.0, 1.0, 1.0, 0.921384334564209, 1.0, 1.0, 1.0, 1.0, 1.0, 1.0, 1.0, 1.0, 0.8764349818229675, 1.0, 1.0, 1.0, 1.0, 1.0, 1.0, 1.0, 1.0, 1.0, 0.8902980089187622, 1.0, 1.0, 1.0, 1.0, 1.0, 0.9921756982803345, 1.0, 1.0, 0.9901911020278931, 0.9844523668289185, 0.6802210807800293, 1.0, 1.0, 1.0, 1.0, 1.0, 1.0, 1.0, 1.0, 1.0, 1.0, 1.0, 1.0, 1.0, 1.0, 1.0, 1.0, 1.0, 1.0, 1.0, 1.0, 0.7929364442825317, 0.907089114189148, 1.0, 1.0, 1.0, 1.0, 1.0, 1.0, 1.0, 1.0, 1.0, 0.9780544638633728, 1.0, 1.0, 1.0, 0.7735095024108887, 0.9608026146888733, 1.0, 1.0, 1.0, 1.0, 1.0, 0.8159563541412354, 0.9178992509841919, 0.5813964009284973, 0.6044387221336365, 0.6558204889297485, 0.6300025582313538, 1.0, 1.0, 1.0, 0.6121384501457214, 0.9069096446037292, 0.8984858989715576, 0.819029688835144, 1.0, 0.7135523557662964, 0.6269657611846924, 0.9630236625671387, 1.0, 1.0, 0.824154794216156, 0.6987329721450806, 1.0, 1.0, 1.0, 1.0, 1.0, 1.0, 1.0, 1.0, 1.0, 1.0, 1.0, 1.0, 1.0, 1.0, 1.0, 1.0, 1.0, 1.0, 1.0, 1.0, 0.49626511335372925, 0.5764583945274353, 0.9079370498657227, 0.9204263687133789, 0.9768906831741333, 0.9393621683120728, 0.9521792531013489, 0.9389628171920776, 0.8902474641799927, 0.9106895327568054, 0.8927942514419556, 0.8152173757553101, 0.7999508380889893, 0.8821483254432678, 0.8926851153373718, 0.6407341957092285, 0.8571897745132446, 0.6412820219993591, 0.6303247213363647, 0.8875431418418884, 0.5969107151031494, 0.48170050978660583, 0.637827455997467, 0.8647236824035645, 0.8452990055084229, 0.7873726487159729, 0.7435903549194336, 0.6179301738739014, 0.6759610772132874, 0.9189967513084412, 0.7265993356704712, 0.9596396684646606, 0.9570682048797607, 0.953606903553009, 0.5199991464614868, 0.7482861280441284, 0.8543704152107239, 0.6460673213005066, 0.4795302152633667, 0.9604148864746094, 0.9691877365112305, 1.0, 0.9760081171989441, 0.9138109683990479, 0.8640134930610657, 0.8328671455383301, 0.5503160953521729, 0.93419349193573, 0.8705427050590515, 0.8974290490150452, 0.9001919627189636, 0.8947126865386963, 0.8720325231552124, 1.0, 0.5439298748970032, 0.9356870055198669, 0.9606460332870483, 0.9337332844734192, 0.8708487153053284, 0.6190305352210999, 0.47907084226608276, 0.9362815618515015, 0.9000623226165771, 0.9019104242324829, 0.8685844540596008, 1.0, 0.6326786279678345, 0.9209399223327637, 0.8654752969741821, 0.948075532913208, 0.7823514342308044, 0.9026567935943604, 0.4913161098957062, 0.9307600259780884, 0.9132653474807739, 1.0, 0.9383059740066528, 1.0, 0.9464182257652283, 0.9526774287223816, 0.9129100441932678, 0.7070952653884888],